id	status	title	description	branch_name	depends_on	owner	created_at	updated_at	completed_at	refs	acceptance_criteria
T044	done	Isolate discovery logic	Sua tarefa é refatorar o orquestrador da Fase 1 para que ele não se comporte mais como um script autônomo, mas sim como um módulo de biblioteca. Você irá extrair a lógica principal para uma nova função que recebe seus parâmetros diretamente via argumentos de função (e não de uma lista de strings da linha de comando) e retorna um dicionário Python estruturado com os resultados. Isso elimina a dependência de argparse e prepara o terreno para que a nova UI e a CLI possam chamar esta função diretamente.	feature/T044-isolate-discovery-logic		jules	2026-03-20T13:36:31Z	2026-03-20T13:36:31Z	2026-03-20T13:36:31Z	tasks/archive/AGENT_TASKS.migrated.json|branch:feature/T044-isolate-discovery-logic	
T045	done	Expose treatment library	Sua tarefa é refatorar os módulos principais dentro de src/phases/phase02_treatment/core/. Em vez de serem chamados por um orquestrador que interpreta argparse, cada módulo (como data_enricher.py, value_corrector.py, etc.) deve expor uma função principal com uma assinatura clara e específica para seus parâmetros. O antigo orquestrador (phase02_orchestrator.py) será eliminado, pois a UI e a CLI chamarão essas novas funções diretamente.	feature/T045-expose-treatment-library		jules	2026-03-20T13:36:31Z	2026-03-20T13:36:31Z	2026-03-20T13:36:31Z	tasks/archive/AGENT_TASKS.migrated.json|branch:feature/T045-expose-treatment-library	
T046	done	Implement new CLI	Sua tarefa é construir a nova face da nossa aplicação para a linha de comando usando o script src/run.py. Este script será o único ponto de entrada da CLI. Ele deve usar argparse e sub-comandos para fornecer uma experiência de usuário clara e intuitiva. Para cada comando executado, ele chamará a função de lógica correspondente (da Fase 1 ou Fase 2), passará os argumentos apropriados e imprimirá o resultado retornado de forma amigável no console.	feature/T046-implement-new-cli		jules	2026-03-20T13:36:31Z	2026-03-20T13:36:31Z	2026-03-20T13:36:31Z	tasks/archive/AGENT_TASKS.migrated.json|branch:feature/T046-implement-new-cli	
T047	done	Refactor UI direct calls	Sua missão é refatorar completamente a aplicação Streamlit (src/app_main_interface.py). Você irá remover toda a camada de subprocess. Em vez disso, a UI irá importar as funções de lógica (como run_discovery_logic, enrich_data, etc.) e chamá-las diretamente quando o usuário interagir com a interface. Você usará o dicionário de retorno para exibir os resultados, tratando exceções de forma graciosa.	feature/T047-refactor-ui-direct-calls		jules	2026-03-20T13:36:31Z	2026-03-20T13:36:31Z	2026-03-20T13:36:31Z	tasks/archive/AGENT_TASKS.migrated.json|branch:feature/T047-refactor-ui-direct-calls	
T048	done	Cleanup obsolete code	Com a nova arquitetura em vigor, o antigo ponto de entrada principal (src/main/orchestrator.py) não é mais necessário. Sua tarefa é remover este arquivo e seus testes associados, garantindo que o projeto contenha apenas o código relevante e funcional.	feature/T048-cleanup-obsolete-code		jules	2026-03-20T13:36:31Z	2026-03-20T13:36:31Z	2026-03-20T13:36:31Z	tasks/archive/AGENT_TASKS.migrated.json|branch:feature/T048-cleanup-obsolete-code	
T049	done	Update user documentation	Sua tarefa é revisar e reescrever a documentação do projeto para refletir a nova arquitetura. O foco principal é a seção da linha de comando, que agora usa um novo script e uma nova sintaxe de comando. A documentação da UI também deve ser revisada para garantir que o fluxo descrito ainda seja válido.	feature/T049-update-user-documentation		jules	2026-03-20T13:36:31Z	2026-03-20T13:36:31Z	2026-03-20T13:36:31Z	tasks/archive/AGENT_TASKS.migrated.json|branch:feature/T049-update-user-documentation	
T050	done	Add pre-commit hooks	Sua tarefa é adicionar à raiz do projeto um arquivo .pre-commit-config.yaml aproveitando os hooks básicos do scaffold em python-ai-scaffold/.pre-commit-config.yaml. A adoção deve ser pragmática: reaproveitar os hooks genéricos úteis sem introduzir novas suposições de tooling como ruff, pyright, uv ou formatação automática ainda não oficializada neste repositório.	codex/t050-t054-scaffold-alignment		codex	2026-03-20T13:36:31Z	2026-03-20T13:36:31Z	2026-03-20T13:36:31Z	tasks/archive/AGENT_TASKS.migrated.json|branch:codex/t050-t054-scaffold-alignment	
T051	done	Merge agent tool ignores	Sua tarefa é atualizar o .gitignore atual para incorporar apenas as entradas de estado local de ferramentas de agente presentes em python-ai-scaffold/.gitignore, preservando integralmente as regras já existentes do projeto para dados, notebooks, ambientes virtuais, IDEs e demais artefatos locais.	codex/t050-t054-scaffold-alignment		codex	2026-03-20T13:36:31Z	2026-03-20T13:36:31Z	2026-03-20T13:36:31Z	tasks/archive/AGENT_TASKS.migrated.json|branch:codex/t050-t054-scaffold-alignment	
T052	done	Create repo Python review check	Sua tarefa é criar um novo arquivo .continue/checks/python-review.md inspirado no scaffold, mas específico para este repositório de análise de dados. O check deve orientar reviews para o contexto real do projeto, incluindo fases do pipeline, GUI/CLI, artefatos em data/, YAMLs de configuração, relatórios gerados, notebooks e aderência ao AGENTS.md atual.	codex/t050-t054-scaffold-alignment		codex	2026-03-20T13:36:31Z	2026-03-20T13:36:31Z	2026-03-20T13:36:31Z	tasks/archive/AGENT_TASKS.migrated.json|branch:codex/t050-t054-scaffold-alignment	
T053	done	Add domain docs from scaffold	Sua tarefa é criar uma pasta docs/ com arquivos Markdown específicos para o domínio deste projeto, tomando como inspiração a estrutura de python-ai-scaffold/docs/, mas escrevendo conteúdo aderente ao toolkit atual de análise de dados. Esses documentos devem orientar agentes e contribuidores sobre padrões de código, testes, tooling e packaging com foco em ingestão, tratamento, análise exploratória, notebooks, reprodutibilidade, artefatos de dados e workflows reais do repositório.	codex/t050-t054-scaffold-alignment		codex	2026-03-20T13:36:31Z	2026-03-20T13:36:31Z	2026-03-20T13:36:31Z	tasks/archive/AGENT_TASKS.migrated.json|branch:codex/t050-t054-scaffold-alignment	
T054	done	Fix AGENTS entrypoint drift	Sua tarefa é corrigir o drift do AGENTS.md sobre o entrypoint principal do projeto. O arquivo não deve ser substituído pelo template do scaffold; a mudança deve ser cirúrgica, ajustando as referências incorretas a src/main/orchestrator.py para refletir o uso real de src/run.py e preservando o restante das orientações específicas do projeto.	codex/t050-t054-scaffold-alignment		codex	2026-03-20T13:36:31Z	2026-03-20T13:36:31Z	2026-03-20T13:36:31Z	tasks/archive/AGENT_TASKS.migrated.json|branch:codex/t050-t054-scaffold-alignment	
T055	done	Migrate task tracking to task-ledger	Sua tarefa é substituir o mecanismo de registro de tarefas baseado em AGENT_TASKS.json pelo uso da skill task-ledger, migrando o histórico existente para tasks/tasks.tsv, criando tasks/task_log.tsv, definindo tasks/tasks_config.yaml e atualizando as instruções do projeto para usar o novo sistema.	codex/t055-migrate-task-ledger		codex	2026-03-20T13:39:10Z	2026-03-20T13:39:10Z	2026-03-20T13:39:10Z	AGENTS.md|GEMINI.md|tasks/tasks.tsv|tasks/task_log.tsv|tasks/tasks_config.yaml|tasks/archive/AGENT_TASKS.migrated.json	- [x] Ledger inicializado em tasks/ | - [x] Histórico legado arquivado | - [x] Instruções do projeto atualizadas
T056	done	Definir estratégia para scripts pontuais e renomeação de colunas	Sua tarefa é avaliar e consolidar a estratégia para utilitários pontuais de dados neste repositório. A decisão deve verificar se `src/scripts/` faz sentido como pasta de conveniência, mas sem competir com a arquitetura oficial baseada em `src/run.py`, conectores em `src/connectors/` e lógica reutilizável em `src/phases/phase02_treatment/core/`. O resultado esperado é uma diretriz clara: lógica de negócio reutilizável deve permanecer centralizada; wrappers avulsos, se existirem, devem ser finos.	codex/t056-column-rename-strategy		codex	2026-03-20T23:33:03Z	2026-03-23T12:52:47Z	2026-03-23T12:52:47Z	AGENTS.md|src/run.py|src/scripts/rename_columns.py|docs/memory/keep-ad-hoc-scripts-thin-and-reusable.md	- [x] Papel de `src/scripts/` definido sem conflitar com a CLI oficial | - [x] Responsabilidade entre CLI, conectores e módulos de tratamento documentada | - [x] Decisão pronta para orientar novos scripts pontuais
T057	done	Implementar serviço reutilizável de renomeação de colunas	Sua tarefa é implementar a capacidade de renomear colunas como lógica reutilizável de tratamento, aproveitando a estrutura existente do projeto. A solução deve identificar a extensão do arquivo, suportar ao menos CSV e Excel via conectores ou abstrações compatíveis, validar o pareamento entre `old_columns` e `new_columns`, preservar o formato de saída e tratar erros de I/O e parsing com logs claros. Para arquivos CSV grandes, a implementação deve evitar cópias desnecessárias e adotar uma estratégia compatível com volumes altos; para Excel, os limites operacionais devem ficar explícitos.	codex/t057-reusable-column-renamer	T056	codex	2026-03-20T23:33:03Z	2026-03-23T12:52:47Z	2026-03-23T12:52:47Z	AGENTS.md|src/phases/phase02_treatment/core/column_renamer.py|tests/phases/phase02_treatment/core/test_column_renamer.py	- [x] Função reutilizável recebe caminho do arquivo e listas de colunas antigas/novas com validação explícita | - [x] Suporte a CSV e Excel reaproveita a infraestrutura existente do projeto | - [x] Tratamento de erros e logging seguem o padrão definido no projeto | - [x] Estratégia para arquivos grandes está coberta, especialmente para CSV
T058	done	Expor renomeação de colunas em entrypoints e testes	Sua tarefa é disponibilizar a renomeação de colunas por uma interface executável sem duplicar a lógica de negócio. A prioridade é expor a funcionalidade via `src/run.py`; se `src/scripts/rename_columns.py` for mantido, ele deve ser apenas um wrapper fino sobre a função reutilizável. Também devem ser adicionados testes cobrindo o caminho feliz e falhas de validação, além de exemplos de uso aderentes ao ambiente do projeto.	codex/t058-column-rename-entrypoints	T057	codex	2026-03-20T23:33:03Z	2026-03-23T12:52:47Z	2026-03-23T12:52:47Z	AGENTS.md|src/run.py|src/scripts/rename_columns.py|tests/test_run_cli.py|COMO_USAR.md|LEIAME.md|docs/tooling.md	- [x] `src/run.py` expõe um comando claro para renomear colunas | - [x] `src/scripts/rename_columns.py`, se existir, delega para a lógica central sem duplicação | - [x] Testes cobrem CSV, Excel e erros de entrada | - [x] Exemplo de uso atualizado para `python3` ou `./.venv/bin/python`
