Região;UF;Cidade;Sexo;Faixa Etária;Data Finalização;Tempo Resposta;Nome Fantasia;Segmento de Mercado;Área;Assunto;Grupo Problema;Problema;Como Comprou Contratou;Procurou Empresa;Respondida;Situação;Avaliação Reclamação;Nota do Consumidor
SE;MG;Belo Horizonte;M;entre 61 a 70 anos;2025-01-20;10;Banco Master (antigo Banco Máxima);Bancos, Financeiras e Administradoras de Cartão;Serviços Financeiros;Demais Seguros;Cobrança / Contestação;Cobrança de tarifas, taxas, valores não previstos / não informados;Não comprei / contratei;S;S;Finalizada avaliada;Não Resolvida;1
CO;MT;Cuiabá;M;entre 31 a 40 anos;2025-01-15;10;Cartões Itaú;Bancos, Financeiras e Administradoras de Cartão;Demais Serviços;Programas de Fidelidade / Benefícios (pontos, milhagem etc);Contrato / Oferta;Oferta não cumprida / serviço não fornecido/ venda enganosa / publicidade enganosa;Internet;N;S;Finalizada avaliada;Não Resolvida;1
NE;SE;Aracaju;M;entre 21 a 30 anos;2025-01-12;10;BaneseCard;Bancos, Financeiras e Administradoras de Cartão;Serviços Financeiros;Cartão de Crédito / Cartão de Débito / Cartão de Loja;Cobrança / Contestação;Cálculo de juros, saldo devedor (contestação, solicitação de histórico, dúvidas);Internet;S;S;Finalizada avaliada;Não Resolvida;5
CO;MS;Campo Grande;F;entre 61 a 70 anos;2025-01-27;7;BrasilCard;Bancos, Financeiras e Administradoras de Cartão;Serviços Financeiros;Cartão de Crédito / Cartão de Débito / Cartão de Loja;Atendimento / SAC;SAC - Dificuldade para cancelar o serviço;Loja física;S;S;Finalizada avaliada;Resolvida;5
SE;RJ;Rio de Janeiro;M;entre 41 a 50 anos;2025-01-17;10;Banco Bradesco;Bancos, Financeiras e Administradoras de Cartão;Serviços Financeiros;Crédito Pessoal e Demais Empréstimos (exceto financiamento de imóveis e veículos);Cobrança / Contestação;Renegociação / parcelamento de dívida;Não comprei / contratei;N;S;Finalizada avaliada;Não Resolvida;3
S;SC;Maravilha;M;entre 31 a 40 anos;2025-01-31;7;Oi Fixo;Operadoras de Telecomunicações (Telefonia, Internet, TV por assinatura);Telecomunicações;Telefonia Fixa;Cobrança / Contestação;Cobrança após cancelamento do serviço;Domicílio;S;S;Finalizada avaliada;Resolvida;4
S;PR;Curitiba;M;entre 31 a 40 anos;2025-01-09;10;Ligga Telecom (antiga Copel Telecom);Operadoras de Telecomunicações (Telefonia, Internet, TV por assinatura);Telecomunicações;Internet Fixa;Atendimento / SAC;SAC - Demanda não resolvida / não respondida / respondida após o prazo;Internet;S;S;Finalizada avaliada;Resolvida;5
NE;BA;Salvador;M;entre 21 a 30 anos;2025-01-22;;Jadlog;Empresas de Serviços Postais e Logística;Transportes;Cargas e Encomendas;Entrega do Produto;Não entrega / demora na entrega do produto;Internet;S;N;Finalizada avaliada;Resolvida;3
NE;CE;Fortaleza;M;entre 31 a 40 anos;2025-01-02;10;Banco Santander;Bancos, Financeiras e Administradoras de Cartão;Serviços Financeiros;Cartão de Crédito / Cartão de Débito / Cartão de Loja;Cobrança / Contestação;Cobrança de compra/saque não reconhecido;Não comprei / contratei;S;S;Finalizada avaliada;Não Resolvida;1
SE;MG;Betim;M;entre 41 a 50 anos;2025-01-04;3;Facebook / Instagram;Provedores de Conteúdo e Outros Serviços na Internet;Demais Serviços;Serviços na internet (provedor, hospedagem, aplicativos, streaming, jogos etc);Vício de Qualidade;Funcionamento inadequado do serviço;Internet;N;S;Finalizada avaliada;Não Resolvida;1
SE;MG;Cruzília;F;entre 61 a 70 anos;2025-01-17;7;Mercado Pago;Empresas de Pagamento Eletrônico;Serviços Financeiros;Cartão de Crédito / Cartão de Débito / Cartão de Loja;Contrato / Oferta;Oferta não cumprida / serviço não fornecido/ venda enganosa / publicidade enganosa;Internet;S;S;Finalizada avaliada;Não Resolvida;1
SE;RJ;Rio de Janeiro;M;entre 41 a 50 anos;2025-01-04;10;Claro Residencial;Operadoras de Telecomunicações (Telefonia, Internet, TV por assinatura);Telecomunicações;Pacote de Serviços ( Combo );Contrato / Oferta;Dificuldade para rescindir o contrato / cancelar o serviço;Loja física;S;S;Finalizada avaliada;Resolvida;5
SE;MG;Belo Horizonte;F;entre 21 a 30 anos;2025-01-10;6;C6 Bank;Bancos, Financeiras e Administradoras de Cartão;Serviços Financeiros;Cartão de Crédito / Cartão de Débito / Cartão de Loja;Cobrança / Contestação;Cálculo de juros, saldo devedor (contestação, solicitação de histórico, dúvidas);Telefone;S;S;Finalizada avaliada;Resolvida;5
SE;ES;Vitória;F;entre 31 a 40 anos;2025-01-02;3;Cartões Renner (Realize CFI);Bancos, Financeiras e Administradoras de Cartão;Serviços Financeiros;Cartão de Crédito / Cartão de Débito / Cartão de Loja;Cobrança / Contestação;Cobrança indevida / abusiva para alterar ou cancelar o contrato;Loja física;N;S;Finalizada avaliada;Não Resolvida;1
S;SC;Joinville;F;entre 41 a 50 anos;2025-01-23;6;Banco Santander Cartões (DESATIVADA ? Atual Banco Santander);Bancos, Financeiras e Administradoras de Cartão;Serviços Financeiros;Cartão de Crédito / Cartão de Débito / Cartão de Loja;Cobrança / Contestação;Renegociação / parcelamento de dívida;Loja física;S;S;Finalizada avaliada;Não Resolvida;1
SE;RJ;Petrópolis;M;entre 31 a 40 anos;2025-01-25;7;Oi Fixo;Operadoras de Telecomunicações (Telefonia, Internet, TV por assinatura);Telecomunicações;Internet Fixa;Vício de Qualidade;Funcionamento inadequado do serviço (má qualidade do sinal, instabilidade, queda);Telefone;S;S;Finalizada avaliada;Resolvida;2
S;SC;Joinville;F;entre 41 a 50 anos;2025-01-23;10;Banco Santander;Bancos, Financeiras e Administradoras de Cartão;Serviços Financeiros;Financiamento de Imóveis;Dados Pessoais e Privacidade;Dificuldade de acesso a dados pessoais ou financeiros;Loja física;S;S;Finalizada avaliada;Não Resolvida;1
SE;SP;São Paulo;M;entre 21 a 30 anos;2025-01-10;5;Vivo - Telefônica;Operadoras de Telecomunicações (Telefonia, Internet, TV por assinatura);Telecomunicações;Pacote de Serviços ( Combo );Cobrança / Contestação;Cobrança por serviço/produto não contratado / não reconhecido / não solicitado;Não comprei / contratei;N;S;Finalizada avaliada;Resolvida;5
SE;ES;Vitória;F;entre 41 a 50 anos;2025-01-05;10;Unimed Nacional (Central Nacional Unimed);Operadoras de Planos de Saúde e Administradoras de Benefícios;Saúde;Plano de Saúde (convênio, autogestão, seguro saúde );Saúde e Segurança;Risco, dano físico ou mal estar decorrente da prestação do serviço/utilização do produto;Telefone;S;S;Finalizada avaliada;Resolvida;2
N;RO;Rolim de Moura;F;entre 41 a 50 anos;2025-01-16;;Banco BV (antigo Banco Votorantim);Bancos, Financeiras e Administradoras de Cartão;Serviços Financeiros;Crédito Consignado (para servidores públicos ou trabalhadores do setor privado);Cobrança / Contestação;Cobrança indevida / abusiva para alterar ou cancelar o contrato;Não comprei / contratei;S;N;Finalizada não avaliada;Não Avaliada;
CO;GO;Aparecida de Goiânia;F;entre 21 a 30 anos;2025-01-09;9;Tim;Operadoras de Telecomunicações (Telefonia, Internet, TV por assinatura);Produtos de Telefonia e Informática;Aparelho celular;Cobrança / Contestação;Cobrança indevida / abusiva para alterar ou cancelar o contrato;Catálogo;S;S;Finalizada avaliada;Resolvida;5
N;AM;Manaus;M;entre 41 a 50 anos;2025-01-20;10;SKY;Operadoras de Telecomunicações (Telefonia, Internet, TV por assinatura);Telecomunicações;Pacote de Serviços ( Combo );Cobrança / Contestação;Cobrança após cancelamento do serviço;Não comprei / contratei;S;S;Finalizada avaliada;Não Resolvida;1
SE;MG;Cruzília;F;entre 21 a 30 anos;2025-01-17;10;Afinz (Sorocred);Bancos, Financeiras e Administradoras de Cartão;Serviços Financeiros;Cartão de Crédito / Cartão de Débito / Cartão de Loja;Cobrança / Contestação;Cobrança submetendo a ofensa, constrangimento ou ameaça;Internet;S;S;Finalizada avaliada;Resolvida;1
SE;SP;Mogi das Cruzes;F;entre 31 a 40 anos;2025-01-23;6;Mercado Pago;Empresas de Pagamento Eletrônico;Serviços Financeiros;Serviço de pagamento online/ via celular/ maquininha;Cobrança / Contestação;Dificuldade / atraso na devolução de valores pagos / reembolso / retenção de valores;Internet;S;S;Finalizada avaliada;Não Resolvida;5
S;PR;Curitiba;M;entre 31 a 40 anos;2025-01-06;9;Tim;Operadoras de Telecomunicações (Telefonia, Internet, TV por assinatura);Telecomunicações;Internet Fixa;Atendimento / SAC;SAC - Demanda não resolvida / não respondida / respondida após o prazo;Não comprei / contratei;S;S;Finalizada avaliada;Resolvida;5
SE;RJ;Volta Redonda;M;entre 51 a 60 anos;2025-01-23;6;Amazon.com.br;Comércio Eletrônico;Alimentos;Bebidas;Contrato / Oferta;Oferta não cumprida / serviço não fornecido/ venda enganosa / publicidade enganosa;Internet;S;S;Finalizada avaliada;Resolvida;5
SE;SP;São Caetano do Sul;F;entre 31 a 40 anos;2025-01-10;1;Latam Airlines (Tam);Transporte Aéreo;Transportes;Aéreo;Contrato / Oferta;Dificuldade / demora para cancelar o serviço;Internet;S;S;Finalizada avaliada;Resolvida;4
SE;RJ;Nova Iguaçu;M;entre 31 a 40 anos;2025-01-08;9;Tim;Operadoras de Telecomunicações (Telefonia, Internet, TV por assinatura);Serviços Financeiros;Cartão de Crédito / Cartão de Débito / Cartão de Loja;Cobrança / Contestação;Cobrança de tarifas, taxas, valores não previstos / não informados;Não comprei / contratei;N;S;Finalizada avaliada;Resolvida;5
NE;CE;Fortaleza;M;entre 31 a 40 anos;2025-01-01;10;Latam Pass;Programas de Fidelidade;Demais Serviços;Programas de Fidelidade / Benefícios (pontos, milhagem etc);Contrato / Oferta;Oferta não cumprida / serviço não fornecido/ venda enganosa / publicidade enganosa;Internet;S;S;Finalizada avaliada;Resolvida;5
NE;CE;Fortaleza;F;entre 31 a 40 anos;2025-01-01;10;Latam Pass;Programas de Fidelidade;Demais Serviços;Programas de Fidelidade / Benefícios (pontos, milhagem etc);Contrato / Oferta;Oferta não cumprida / serviço não fornecido/ venda enganosa / publicidade enganosa;Internet;S;S;Finalizada avaliada;Resolvida;3
SE;RJ;Nova Iguaçu;F;entre 41 a 50 anos;2025-01-01;5;Oi Fixo;Operadoras de Telecomunicações (Telefonia, Internet, TV por assinatura);Produtos de Telefonia e Informática;Aparelho de telefone fixo / interfone;Cobrança / Contestação;Negativação indevida (SPC, Serasa, SCPC etc);Domicílio;S;S;Finalizada avaliada;Não Resolvida;2
S;SC;Joinville;M;entre 41 a 50 anos;2025-01-11;10;Celesc;Energia Elétrica;Água, Energia, Gás;Energia Elétrica;Cobrança / Contestação;Cobrança por Irregularidade ou defeito na medição;Internet;S;S;Finalizada avaliada;Não Resolvida;3
SE;SP;Santa Bárbara D'Oeste;M;entre 41 a 50 anos;2025-01-31;2;Iugu;Empresas de Pagamento Eletrônico;Serviços Financeiros;Serviço de pagamento online/ via celular/ maquininha;Entrega do Produto;Não entrega / demora na entrega do produto;Internet;S;S;Finalizada avaliada;Não Resolvida;1
SE;SP;Ferraz de Vasconcelos;M;entre 21 a 30 anos;2025-01-20;9;Bradesco Cartões;Bancos, Financeiras e Administradoras de Cartão;Serviços Financeiros;Cartão de Crédito / Cartão de Débito / Cartão de Loja;Atendimento / SAC;Dificuldade de contato / acesso a outros canais (exceto SAC);Internet;N;S;Finalizada avaliada;Não Resolvida;1
SE;RJ;São Gonçalo;M;entre 31 a 40 anos;2025-01-09;9;Sem Parar;Empresas de Pagamento Eletrônico;Serviços Financeiros;Serviço de pagamento online/ via celular/ maquininha;Cobrança / Contestação;Cobrança indevida / abusiva para alterar ou cancelar o contrato;Não comprei / contratei;S;S;Finalizada avaliada;Resolvida;1
S;PR;Curitiba;F;entre 31 a 40 anos;2025-01-17;10;Banco Santander;Bancos, Financeiras e Administradoras de Cartão;Serviços Financeiros;Conta corrente / Salário / Poupança /Conta Aposentadoria;Cobrança / Contestação;Cobrança de tarifas, taxas, valores não previstos / não informados;Não comprei / contratei;N;S;Finalizada avaliada;Resolvida;2
S;PR;Curitiba;M;entre 41 a 50 anos;2025-01-24;5;Vivo - Telefônica;Operadoras de Telecomunicações (Telefonia, Internet, TV por assinatura);Telecomunicações;Telefonia Móvel Pós-paga;Vício de Qualidade;Dificuldade para alterar/ ativar serviços;Internet;S;S;Finalizada avaliada;Resolvida;5
NE;BA;Lauro de Freitas;M;entre 31 a 40 anos;2025-01-19;9;Banco Next;Bancos, Financeiras e Administradoras de Cartão;Serviços Financeiros;Demais Seguros;Cobrança / Contestação;Cobrança por serviço/produto não contratado / não reconhecido / não solicitado;Internet;S;S;Finalizada avaliada;Não Resolvida;1
CO;GO;Leopoldo de Bulhões;F;entre 61 a 70 anos;2025-01-03;10;Banco Bmg;Bancos, Financeiras e Administradoras de Cartão;Serviços Financeiros;Crédito Consignado / Cartão de Crédito Consignado / RMC (para beneficiários do INSS);Cobrança / Contestação;Cartão não solicitado - Envio ou cobrança;Não comprei / contratei;N;S;Finalizada não avaliada;Não Avaliada;
NE;BA;Salvador;F;entre 31 a 40 anos;2025-01-22;9;Gol Linhas Aéreas;Transporte Aéreo;Transportes;Aéreo;Contrato / Oferta;Oferta não cumprida / serviço não fornecido/ venda enganosa / publicidade enganosa;Internet;S;S;Finalizada avaliada;Não Resolvida;3
CO;DF;Brasília;F;entre 41 a 50 anos;2025-01-21;8;Azul Linhas Aéreas;Transporte Aéreo;Transportes;Aéreo;Vício de Qualidade;Cancelamento de voo;Internet;S;S;Finalizada avaliada;Resolvida;2
SE;SP;Sorocaba;F;entre 21 a 30 anos;2025-01-08;10;CPFL Piratininga;Energia Elétrica;Água, Energia, Gás;Energia Elétrica;Dados Pessoais e Privacidade;Coleta, uso ou compartilhamento indevido ou não autorizado de dados pessoais ou financeiros;Loja física;S;S;Finalizada avaliada;Não Resolvida;1
SE;SP;São Paulo;F;entre 21 a 30 anos;2025-01-03;7;Mercado Pago;Empresas de Pagamento Eletrônico;Serviços Financeiros;Crédito Pessoal e Demais Empréstimos (exceto financiamento de imóveis e veículos);Atendimento / SAC;Dificuldade de contato / acesso a outros canais (exceto SAC);Internet;N;S;Finalizada avaliada;Resolvida;5
SE;SP;Jacareí;F;entre 41 a 50 anos;2025-01-22;9;Samsung;Fabricantes - Eletroeletrônicos,  Produtos de Telefonia e Informática;Produtos de Telefonia e Informática;Aparelho celular;Saúde e Segurança;Risco, dano físico ou mal estar decorrente da prestação do serviço/utilização do produto;Ganhei de presente;S;S;Finalizada avaliada;Não Resolvida;1
NE;CE;Camocim;F;entre 21 a 30 anos;2025-01-13;8;Amazon.com.br;Comércio Eletrônico;Demais Produtos;Livros e papelaria (material didático, artigos de escritório, etc.);Atendimento / SAC;Dificuldade de contato / demora no atendimento;Internet;S;S;Finalizada avaliada;Resolvida;5
CO;GO;Goiânia;F;entre 61 a 70 anos;2025-01-02;9;Facebook / Instagram;Provedores de Conteúdo e Outros Serviços na Internet;Demais Serviços;Serviços na internet (provedor, hospedagem, aplicativos, streaming, jogos etc);Vício de Qualidade;Suspensão ou desligamento indevido do serviço;SMS / Mensagem de texto;S;S;Finalizada não avaliada;Não Avaliada;
CO;DF;Brasília;M;entre 41 a 50 anos;2025-01-24;9;QuintoAndar;Construtoras, Incorporadoras e Imobiliárias;Habitação;Aluguel de Imóvel;Atendimento / SAC;Dificuldade de contato / demora no atendimento;Internet;S;S;Finalizada avaliada;Não Resolvida;1
SE;MG;Belo Horizonte;M;entre 31 a 40 anos;2025-01-02;5;Azul Linhas Aéreas;Transporte Aéreo;Transportes;Aéreo;Contrato / Oferta;Dificuldade / demora para alterar o contrato de serviço (alteração de voo);Internet;S;S;Finalizada avaliada;Resolvida;5
SE;SP;Barueri;F;entre 41 a 50 anos;2025-01-14;7;Caixa Econômica Federal;Bancos, Financeiras e Administradoras de Cartão;Serviços Financeiros;Conta corrente / Salário / Poupança /Conta Aposentadoria;Atendimento / SAC;SAC - Dificuldade de contato / acesso;Loja física;S;S;Finalizada avaliada;Resolvida;1
S;PR;Foz do Iguaçu;M;entre 31 a 40 anos;2025-01-11;8;Correios;Empresas de Serviços Postais e Logística;Demais Serviços;Serviços Postais;Entrega do Produto;Não entrega / demora na entrega do produto;Internet;S;S;Finalizada avaliada;Não Resolvida;1
S;PR;Curitiba;F;entre 41 a 50 anos;2025-01-06;10;Tim;Operadoras de Telecomunicações (Telefonia, Internet, TV por assinatura);Telecomunicações;Internet Fixa;Contrato / Oferta;Oferta não cumprida / serviço não fornecido/ venda enganosa / publicidade enganosa;Não comprei / contratei;S;S;Finalizada avaliada;Resolvida;5
S;SC;Itajaí;M;entre 61 a 70 anos;2025-01-07;4;Oi Fixo;Operadoras de Telecomunicações (Telefonia, Internet, TV por assinatura);Telecomunicações;Internet Fixa;Contrato / Oferta;Alteração de plano/contrato sem solicitação ou aviso prévio;Telefone;S;S;Finalizada avaliada;Resolvida;4
NE;CE;Fortaleza;F;entre 41 a 50 anos;2025-01-19;8;Brisanet Telecom;Operadoras de Telecomunicações (Telefonia, Internet, TV por assinatura);Telecomunicações;Internet Fixa;Cobrança / Contestação;Cobrança por serviço não fornecido/ em desacordo com a utilização / fora do prazo;Internet;S;S;Finalizada avaliada;Não Resolvida;1
S;PR;Curitiba;F;entre 31 a 40 anos;2025-01-26;10;Tim;Operadoras de Telecomunicações (Telefonia, Internet, TV por assinatura);Telecomunicações;Telefonia Móvel Pós-paga;Cobrança / Contestação;Cobrança por serviço/produto não contratado / não reconhecido / não solicitado;Não comprei / contratei;S;S;Finalizada avaliada;Resolvida;3
SE;MG;Pouso Alegre;F;entre 21 a 30 anos;2025-01-14;7;Electrolux - Eletrodomésticos/Eletroportáteis;Fabricantes - Linha Branca;Produtos Eletrodomésticos e Eletrônicos;Fogão, microondas, forno elétrico, depurador de ar e coifa;Vício de Qualidade;Produto danificado / não funciona - Dificuldade em trocar ou consertar no prazo de garantia;Internet;S;S;Finalizada avaliada;Não Resolvida;1
SE;SP;Ribeirão Preto;F;entre 41 a 50 anos;2025-01-23;3;Caixa Econômica Federal;Bancos, Financeiras e Administradoras de Cartão;Serviços Financeiros;Crédito Consignado (para servidores públicos ou trabalhadores do setor privado);Dados Pessoais e Privacidade;Coleta, uso ou compartilhamento indevido ou não autorizado de dados pessoais ou financeiros;Não comprei / contratei;S;S;Finalizada avaliada;Não Resolvida;1
NE;BA;Salvador;M;entre 21 a 30 anos;2025-01-27;8;Gol Linhas Aéreas;Transporte Aéreo;Transportes;Aéreo;Vício de Qualidade;Atraso de voo;Internet;S;S;Finalizada avaliada;Resolvida;1
NE;BA;Ilhéus;M;entre 21 a 30 anos;2025-01-04;8;Vivo - Telefônica;Operadoras de Telecomunicações (Telefonia, Internet, TV por assinatura);Telecomunicações;Internet Móvel;Cobrança / Contestação;Cobrança indevida / abusiva para alterar ou cancelar o contrato;Internet;S;S;Finalizada avaliada;Não Resolvida;3
SE;MG;Jordânia;M;entre 21 a 30 anos;2025-01-18;7;Booking.com;Viagens, Turismo e Hospedagem;Turismo/Viagens;Hospedagem;Contrato / Oferta;Oferta não cumprida / serviço não fornecido/ venda enganosa / publicidade enganosa;Internet;N;S;Finalizada avaliada;Não Resolvida;1
SE;SP;Rio Grande da Serra;M;entre 31 a 40 anos;2025-01-06;7;Banco Safra;Bancos, Financeiras e Administradoras de Cartão;Serviços Financeiros;Cartão de Crédito / Cartão de Débito / Cartão de Loja;Contrato / Oferta;Oferta não cumprida / serviço não fornecido/ venda enganosa / publicidade enganosa;Telefone;S;S;Finalizada avaliada;Não Resolvida;3
NE;BA;Salvador;M;entre 51 a 60 anos;2025-01-08;8;Embasa;Agua e Saneamento;Água, Energia, Gás;Água e Esgoto;Cobrança / Contestação;Renegociação / parcelamento de dívida;Não comprei / contratei;N;S;Finalizada avaliada;Não Resolvida;1
CO;DF;Brasília;F;entre 31 a 40 anos;2025-01-13;2;Nubank;Bancos, Financeiras e Administradoras de Cartão;Serviços Financeiros;Cartão de Crédito / Cartão de Débito / Cartão de Loja;Contrato / Oferta;Ligações indesejadas de telemarketing (0303);Telefone;S;S;Finalizada avaliada;Não Resolvida;1
NE;BA;Cotegipe;M;entre 41 a 50 anos;2025-01-22;9;Vivo - Telefônica;Operadoras de Telecomunicações (Telefonia, Internet, TV por assinatura);Telecomunicações;Telefonia Móvel Pós-paga;Atendimento / SAC;SAC - Demanda não resolvida / não respondida / respondida após o prazo;Telefone;S;S;Finalizada avaliada;Resolvida;4
S;SC;Joinville;M;entre 41 a 50 anos;2025-01-06;9;Mercado Livre;Empresas de Intermediação de Serviços / Negócios;Produtos Eletrodomésticos e Eletrônicos;Acessório para eletroeletrônicos (pilhas, baterias etc);Cobrança / Contestação;Dificuldade / atraso na devolução de valores pagos / reembolso / retenção de valores;Internet;S;S;Finalizada avaliada;Resolvida;5
SE;RJ;Rio de Janeiro;F;entre 31 a 40 anos;2025-01-10;3;Bradesco Cartões;Bancos, Financeiras e Administradoras de Cartão;Demais Serviços;Programas de Fidelidade / Benefícios (pontos, milhagem etc);Cobrança / Contestação;Dificuldade / atraso na devolução de valores pagos / reembolso / retenção de valores;Internet;S;S;Finalizada avaliada;Resolvida;5
NE;PI;Teresina;M;entre 31 a 40 anos;2025-01-17;0;Ventisol;Fabricantes - Eletroportáteis e Artigos de Uso Doméstico e Pessoal;Produtos Eletrodomésticos e Eletrônicos;Ar condicionado, ventilador e aquecedor;Vício de Qualidade;Falta de peça de reposição;Internet;S;S;Finalizada avaliada;Resolvida;5
SE;SP;Presidente Prudente;M;entre 31 a 40 anos;2025-01-23;9;Mercado Livre;Empresas de Intermediação de Serviços / Negócios;Demais Produtos;Vestuário e Artigos de Uso Pessoal (roupa, calçados, jóias, bijuterias, malas, bolsas, etc);Cobrança / Contestação;Dificuldade / atraso na devolução de valores pagos / reembolso / retenção de valores;Internet;S;S;Finalizada avaliada;Não Resolvida;1
S;PR;Curitiba;M;entre 41 a 50 anos;2025-01-08;3;Carrefour.com;Comércio Eletrônico;Produtos Eletrodomésticos e Eletrônicos;Ar condicionado, ventilador e aquecedor;Contrato / Oferta;Oferta não cumprida / serviço não fornecido/ venda enganosa / publicidade enganosa;Internet;S;S;Finalizada avaliada;Resolvida;3
S;PR;São José dos Pinhais;F;entre 31 a 40 anos;2025-01-05;9;PicPay;Empresas de Pagamento Eletrônico;Serviços Financeiros;Cartão de Crédito / Cartão de Débito / Cartão de Loja;Cobrança / Contestação;Cálculo de juros, saldo devedor (contestação, solicitação de histórico, dúvidas);Não comprei / contratei;S;S;Finalizada avaliada;Não Resolvida;5
S;PR;Curitiba;F;entre 41 a 50 anos;2025-01-31;2;Clinipam;Operadoras de Planos de Saúde e Administradoras de Benefícios;Saúde;Plano de Saúde (convênio, autogestão, seguro saúde );Atendimento / SAC;Má qualidade no atendimento presencial ou outros canais (exceto SAC);Domicílio;S;S;Finalizada avaliada;Não Resolvida;1
NE;MA;São Luís;M;entre 31 a 40 anos;2025-01-13;2;Netshoes;Comércio Eletrônico;Demais Produtos;Esporte/Lazer/Festa (equipamento de ginástica, camping, náutica, caça, pesca, artigo esportivo, bicicleta, piscina, etc.);Entrega do Produto;Não entrega / demora na entrega do produto;Internet;S;S;Finalizada avaliada;Resolvida;1
CO;MS;Campo Grande;M;entre 31 a 40 anos;2025-01-03;9;Energisa Mato Grosso do Sul;Energia Elétrica;Água, Energia, Gás;Energia Elétrica;Cobrança / Contestação;Renegociação / parcelamento de dívida;Domicílio;N;S;Finalizada avaliada;Não Resolvida;1
NE;BA;Salvador;F;entre 41 a 50 anos;2025-01-18;;Facta Financeira;Bancos, Financeiras e Administradoras de Cartão;Serviços Financeiros;Crédito Consignado / Cartão de Crédito Consignado / RMC (para beneficiários do INSS);Atendimento / SAC;SAC - Descortesia / despreparo / demora;Ganhei de presente;S;N;Finalizada avaliada;Não Resolvida;1
NE;BA;Salvador;F;entre 41 a 50 anos;2025-01-18;2;Shopee Brasil;Comércio Eletrônico;Demais Produtos;Utilidades Domésticas e Decoração (para limpeza, cozinha, cama, mesa e banho, tapetes, cortinas, persianas, jardinagem etc);Cobrança / Contestação;Cobrança em duplicidade / Cobrança referente a pagamento já efetuado;Internet;S;S;Finalizada avaliada;Não Resolvida;1
S;PR;Curitiba;M;entre 31 a 40 anos;2025-01-22;8;Sem Parar;Empresas de Pagamento Eletrônico;Serviços Financeiros;Serviço de pagamento online/ via celular/ maquininha;Cobrança / Contestação;Cobrança de tarifas, taxas, valores não previstos / não informados;Não comprei / contratei;S;S;Finalizada avaliada;Não Resolvida;1
SE;SP;São Paulo;F;entre 31 a 40 anos;2025-01-23;9;Vivo - Telefônica;Operadoras de Telecomunicações (Telefonia, Internet, TV por assinatura);Produtos de Telefonia e Informática;Aparelho de telefone fixo / interfone;Cobrança / Contestação;Cobrança em duplicidade / Cobrança referente a pagamento já efetuado;Internet;S;S;Finalizada avaliada;Não Resolvida;1
SE;MG;São João Del Rei;F;entre 31 a 40 anos;2025-01-30;8;Nubank;Bancos, Financeiras e Administradoras de Cartão;Serviços Financeiros;Investimentos / Aplicações / Câmbio / Previdência Privada;Cobrança / Contestação;Dificuldade / atraso na devolução de valores pagos / reembolso / retenção de valores;Não comprei / contratei;S;S;Finalizada avaliada;Não Resolvida;1
SE;RJ;Rio de Janeiro;M;entre 41 a 50 anos;2025-01-04;10;Tim;Operadoras de Telecomunicações (Telefonia, Internet, TV por assinatura);Telecomunicações;Telefonia Móvel Pós-paga;Cobrança / Contestação;Cobrança por serviço/produto não contratado / não reconhecido / não solicitado;Não comprei / contratei;S;S;Finalizada avaliada;Resolvida;5
SE;SP;Taboão da Serra;F;entre 31 a 40 anos;2025-01-23;;Centro Universitário FMU;Estabelecimentos de Ensino;Educação;Superior ( Graduação e Pós );Cobrança / Contestação;Cobrança de tarifas, taxas, valores não previstos / não informados;Internet;S;N;Finalizada avaliada;Não Resolvida;1
N;PA;Ananindeua;M;entre 31 a 40 anos;2025-01-03;8;Claro Residencial;Operadoras de Telecomunicações (Telefonia, Internet, TV por assinatura);Telecomunicações;Pacote de Serviços ( Combo );Vício de Qualidade;Funcionamento inadequado do serviço (má qualidade do sinal, instabilidade, queda);Internet;S;S;Finalizada avaliada;Não Resolvida;1
SE;SP;Taubaté;F;entre 61 a 70 anos;2025-01-06;7;Claro Residencial;Operadoras de Telecomunicações (Telefonia, Internet, TV por assinatura);Telecomunicações;Pacote de Serviços ( Combo );Cobrança / Contestação;Renegociação / parcelamento de dívida;Não comprei / contratei;S;S;Finalizada avaliada;Resolvida;3
NE;MA;Brejo;M;entre 51 a 60 anos;2025-01-07;7;Banco Bradesco;Bancos, Financeiras e Administradoras de Cartão;Serviços Financeiros;Crédito Pessoal e Demais Empréstimos (exceto financiamento de imóveis e veículos);Cobrança / Contestação;Negativação indevida referente à pagamento já efetuado;Loja física;S;S;Finalizada avaliada;Não Resolvida;5
SE;SP;São Paulo;M;entre 41 a 50 anos;2025-01-17;8;Smartfit;Serviços Esportivos;Demais Serviços;Cultura / Esporte / Lazer / Eventos (shows, jogos, cinema, teatro, festas, clubes, academias de ginástica);Atendimento / SAC;Dificuldade de contato / demora no atendimento;Internet;S;S;Finalizada avaliada;Resolvida;1
SE;RJ;Maricá;M;entre 31 a 40 anos;2025-01-20;6;Enel Distribuição Rio (Ampla);Energia Elétrica;Água, Energia, Gás;Energia Elétrica;Cobrança / Contestação;Cobrança por serviços não realizados / atrasados ou por consumo elevado;Internet;S;S;Finalizada avaliada;Não Resolvida;1
S;RS;Severiano de Almeida;M;entre 21 a 30 anos;2025-01-03;8;Banco Inter (Banco Intermedium);Bancos, Financeiras e Administradoras de Cartão;Serviços Financeiros;Atendimento Bancário;Atendimento / SAC;SAC - Dificuldade de contato / acesso;Internet;S;S;Finalizada avaliada;Não Resolvida;1
S;PR;Curitiba;F;entre 41 a 50 anos;2025-01-08;7;Unimed Curitiba;Operadoras de Planos de Saúde e Administradoras de Benefícios;Saúde;Plano de Saúde (convênio, autogestão, seguro saúde );Cobrança / Contestação;Cobrança de valores não previstos / não informados (multa, encargos, honorários etc);Não comprei / contratei;S;S;Finalizada avaliada;Resolvida;5
CO;GO;Goiânia;M;entre 21 a 30 anos;2025-01-01;10;Equatorial Goiás;Energia Elétrica;Água, Energia, Gás;Energia Elétrica;Cobrança / Contestação;Faturamento Mini/Microgeração - erro no cálculo/uso dos créditos (energia solar, eólica etc);Não comprei / contratei;S;S;Finalizada não avaliada;Não Avaliada;
S;SC;Criciúma;F;entre 21 a 30 anos;2025-01-02;6;Crefisa;Bancos, Financeiras e Administradoras de Cartão;Serviços Financeiros;Crédito Pessoal e Demais Empréstimos (exceto financiamento de imóveis e veículos);Cobrança / Contestação;Cálculo de juros, saldo devedor (contestação, solicitação de histórico, dúvidas);Internet;S;S;Finalizada avaliada;Não Resolvida;1
SE;SP;São Paulo;M;entre 31 a 40 anos;2025-01-09;5;Latam Airlines (Tam);Transporte Aéreo;Transportes;Aéreo;Vício de Qualidade;Cancelamento de voo;Internet;N;S;Finalizada avaliada;Resolvida;5
S;SC;Criciúma;M;entre 61 a 70 anos;2025-01-06;;Porto Seguro Cartões e Financiamentos;Bancos, Financeiras e Administradoras de Cartão;Serviços Financeiros;Cartão de Crédito / Cartão de Débito / Cartão de Loja;Cobrança / Contestação;Cartão não solicitado - Envio ou cobrança;Internet;S;N;Finalizada avaliada;Não Resolvida;1
SE;MG;Belo Horizonte;F;entre 31 a 40 anos;2025-01-25;1;Shopee Brasil;Comércio Eletrônico;Demais Produtos;Vestuário e Artigos de Uso Pessoal (roupa, calçados, jóias, bijuterias, malas, bolsas, etc);Atendimento / SAC;Dificuldade de contato / demora no atendimento;Internet;S;S;Finalizada avaliada;Não Resolvida;1
SE;SP;Bragança Paulista;M;entre 31 a 40 anos;2025-01-21;6;Dental Uni;Operadoras de Planos de Saúde e Administradoras de Benefícios;Saúde;Plano Odontológico (convênio, autogestão, seguro saúde );Contrato / Oferta;Oferta não cumprida / serviço não fornecido/ venda enganosa / publicidade enganosa;Telefone;S;S;Finalizada avaliada;Não Resolvida;1
NE;BA;Salvador;M;entre 41 a 50 anos;2025-01-07;6;Brasilseg (BB Seguros);Seguros, Capitalização e Previdência;Serviços Financeiros;Seguro Residencial / Condomínio;Contrato / Oferta;Oferta não cumprida / serviço não fornecido/ venda enganosa / publicidade enganosa;Internet;S;S;Finalizada avaliada;Não Resolvida;1
NE;AL;Maceió;M;entre 31 a 40 anos;2025-01-07;8;Claro Celular;Operadoras de Telecomunicações (Telefonia, Internet, TV por assinatura);Telecomunicações;Telefonia Móvel Pós-paga;Vício de Qualidade;Funcionamento inadequado do serviço (má qualidade do sinal, instabilidade, queda);Internet;S;S;Finalizada avaliada;Não Resolvida;1
CO;GO;Catalão;M;entre 31 a 40 anos;2025-01-01;10;Equatorial Goiás;Energia Elétrica;Água, Energia, Gás;Energia Elétrica;Contrato / Oferta;Dificuldade para Conexão de Mini/Microgeração (energia solar, eólica etc);Internet;S;S;Finalizada não avaliada;Não Avaliada;
NE;BA;São Francisco do Conde;F;entre 61 a 70 anos;2025-01-09;1;iFood;Empresas de Intermediação de Serviços / Negócios;Demais Serviços;Serviços de entrega / delivery;Entrega do Produto;Não entrega / demora na entrega do produto;Internet;S;S;Finalizada avaliada;Não Resolvida;1
NE;CE;Fortaleza;M;entre 31 a 40 anos;2025-01-01;8;Latam Pass;Programas de Fidelidade;Demais Serviços;Programas de Fidelidade / Benefícios (pontos, milhagem etc);Dados Pessoais e Privacidade;Vazamento de dados ou outros incidentes de segurança (acessos não autorizados e situações acidentais ou ilícitas de destruição, perda, alteração, comunicação ou tratamento inadequado ou ilícito);Não comprei / contratei;S;S;Finalizada avaliada;Resolvida;5
SE;RJ;Rio de Janeiro;M;entre 31 a 40 anos;2025-01-29;5;Samsung;Fabricantes - Eletroeletrônicos,  Produtos de Telefonia e Informática;Produtos de Telefonia e Informática;Acessórios e periféricos (monitor, impressora, pendrive, hd externo, cd dvd, outras midias, roteador, software, scanner etc);Vício de Qualidade;Produto danificado / não funciona - Falta de assistência técnica / falta de informações sobre assistência técnica;Internet;S;S;Finalizada avaliada;Não Resolvida;1
S;SC;Chapecó;M;entre 51 a 60 anos;2025-01-02;1;Smiles;Programas de Fidelidade;Demais Serviços;Programas de Fidelidade / Benefícios (pontos, milhagem etc);Atendimento / SAC;Má qualidade no atendimento (descortesia / despreparo/ constrangimento);Internet;S;S;Finalizada avaliada;Resolvida;5
SE;SP;Sertãozinho;F;entre 41 a 50 anos;2025-01-06;7;C6 Bank;Bancos, Financeiras e Administradoras de Cartão;Serviços Financeiros;Conta corrente / Salário / Poupança /Conta Aposentadoria;Cobrança / Contestação;Cobrança de tarifas, taxas, valores não previstos / não informados;Internet;S;S;Finalizada avaliada;Não Resolvida;1
